Leanne Graham,Gwenborough,Romaguera-Crona,"(-37.3159,81.1496)"
Ervin Howell,Wisokyburgh,Deckow-Crist,"(-43.9509,-34.4618)"
Clementine Bauch,McKenziehaven,Romaguera-Jacobson,"(-68.6102,-47.0653)"
Patricia Lebsack,South Elvis,Robel-Corkery,"(29.4572,-164.2990)"
Chelsey Dietrich,Roscoeview,Keebler LLC,"(-31.8129,62.5342)"
Mrs. Dennis Schulist,South Christy,Considine-Lockman,"(-71.4197,71.7478)"
Kurtis Weissnat,Howemouth,Johns Group,"(24.8918,21.8984)"
Nicholas Runolfsdottir V,Aliyaview,Abernathy Group,"(-14.3990,-120.7677)"
Glenna Reichert,Bartholomebury,Yost and Sons,"(24.6463,-168.8889)"
Clementina DuBuque,Lebsackbury,Hoeger LLC,"(-38.2386,57.2232)"
